{"stats":{"minecraft:killed":{"minecraft:cow":1},"minecraft:picked_up":{"minecraft:beef":3,"minecraft:leather":2,"minecraft:dirt":2},"minecraft:custom":{"minecraft:jump":125,"minecraft:time_since_rest":9509,"minecraft:damage_dealt":100,"minecraft:sprint_one_cm":26582,"minecraft:leave_game":2,"minecraft:play_time":9509,"minecraft:time_since_death":9509,"minecraft:walk_one_cm":9728,"minecraft:total_world_time":9509,"minecraft:mob_kills":1,"minecraft:fall_one_cm":1790,"minecraft:fly_one_cm":29684},"minecraft:used":{"minecraft:dirt":3,"lost_aether_content:phoenix_sword":1},"minecraft:mined":{"minecraft:grass_block":2}},"DataVersion":3465}